Start,Finish,Active Calories (kcal),Distance (mi),Flights Climbed (count),Heart Rate (count/min),Steps (count)
7/1/17 0:00,7/2/17 0:00,16.945,0.436370145,0,99,1005.279618
7/2/17 0:00,7/3/17 0:00,177.3124167,1.598042799,0,116,3101.199043
7/3/17 0:00,7/4/17 0:00,165.7375833,3.535923229,1,102,7841.800957
7/4/17 0:00,7/5/17 0:00,254.4258987,2.819467776,0,95,5491.987098
7/5/17 0:00,7/6/17 0:00,134.9069502,2.348583566,0,89,4667.4309
7/6/17 0:00,7/7/17 0:00,380.3331511,6.962097146,7,121,14622.582
7/7/17 0:00,7/8/17 0:00,41.66896573,1.118493001,5,82,2742
7/8/17 0:00,7/9/17 0:00,192.4621174,1.995314388,5,106,4237
7/9/17 0:00,7/10/17 0:00,93.61920238,1.80614841,5,106,4667.38225
7/10/17 0:00,7/11/17 0:00,166.6487361,1.778249613,0,104,3541.500456
7/11/17 0:00,7/12/17 0:00,341.6639784,5.413337257,3,115,10904.91122
7/12/17 0:00,7/13/17 0:00,167.693,4.242615587,5,93,9288
7/13/17 0:00,7/14/17 0:00,288.507,3.678812636,0,91,8864
7/14/17 0:00,7/15/17 0:00,212.227,1.706440637,1,88,3492
7/15/17 0:00,7/16/17 0:00,1.866,3.351359889,4,0,9760
7/16/17 0:00,7/17/17 0:00,0.238,2.723180434,6,0,7238
7/17/17 0:00,7/18/17 0:00,360.7214552,3.949693218,2,107,8125
7/18/17 0:00,7/19/17 0:00,212.3835448,2.534104798,5,138,4955
7/19/17 0:00,7/20/17 0:00,0.22,5.047370349,0,0,15300
7/20/17 0:00,7/21/17 0:00,333.834,4.271572765,13,136,8631
7/21/17 0:00,7/22/17 0:00,0.026,2.296091867,4,0,6022
7/22/17 0:00,7/23/17 0:00,287.304,4.367636751,7,136,8894
7/23/17 0:00,7/24/17 0:00,0,2.954497343,9,0,7859
7/24/17 0:00,7/25/17 0:00,0.031,0.829257207,4,0,2046
7/25/17 0:00,7/26/17 0:00,0.18,5.174808536,5,0,13224
7/26/17 0:00,7/27/17 0:00,251.998,1.340241797,0,114,2693
7/27/17 0:00,7/28/17 0:00,1.361,4.121680202,10,0,11642
7/28/17 0:00,7/29/17 0:00,409.774,5.789358894,11,157,11789
7/29/17 0:00,7/30/17 0:00,4.999,1.367218569,9,90,3641
7/30/17 0:00,7/31/17 0:00,0,3.368409862,3,0,8773
7/31/17 0:00,8/1/17 0:00,342.777,4.554483746,11,101,9119.818115
8/1/17 0:00,8/2/17 0:00,485.399,7.119883235,12,108,13756
8/2/17 0:00,8/3/17 0:00,0.112,5.072664319,5,0,14250
8/3/17 0:00,8/4/17 0:00,0,3.92363104,8,0,10616
8/4/17 0:00,8/5/17 0:00,240.787,3.516611733,10,111,7221.076442
8/5/17 0:00,8/6/17 0:00,400.532,5.090869323,9,107,10144
8/6/17 0:00,8/7/17 0:00,229.17,2.315263376,2,121,4772
8/7/17 0:00,8/8/17 0:00,99.643,1.070218673,3,106,2222
8/8/17 0:00,8/9/17 0:00,36.198,0.658809615,1,88,1384.244507
8/9/17 0:00,8/10/17 0:00,0.403,0.078434938,0,76,201
8/10/17 0:00,8/11/17 0:00,136.079,0.870174614,0,90,1705
8/11/17 0:00,8/12/17 0:00,62.322,0.311717072,0,103,633
8/12/17 0:00,8/13/17 0:00,209.0813584,2.148050283,1,126,4091.684535
8/13/17 0:00,8/14/17 0:00,0.625641565,0.053815819,0,0,122.3154646
8/14/17 0:00,8/15/17 0:00,164.439,1.487910602,0,119,2653
8/15/17 0:00,8/16/17 0:00,175.178,1.911120307,1,203,3915
8/16/17 0:00,8/17/17 0:00,159.33,1.481553975,3,97,2997
8/17/17 0:00,8/18/17 0:00,0.028,0.029080172,0,0,64
8/18/17 0:00,8/19/17 0:00,53.815,0.590252923,4,99,1237
8/19/17 0:00,8/20/17 0:00,270.143,2.775223942,5,186,5679
8/20/17 0:00,8/21/17 0:00,2.291,0.968571297,1,0,2616
8/21/17 0:00,8/22/17 0:00,1.966,0.076478366,1,0,188
8/22/17 0:00,8/23/17 0:00,0.077,0.432305886,1,0,979
8/23/17 0:00,8/24/17 0:00,89.155,1.08508806,3,95,2307
8/24/17 0:00,8/25/17 0:00,0,0.528927638,0,0,1381
8/25/17 0:00,8/26/17 0:00,236.835,1.666720402,4,155,3786
8/26/17 0:00,8/27/17 0:00,1.609,0.300050486,1,0,738
8/27/17 0:00,8/28/17 0:00,0.125,1.589104781,3,0,3907
8/28/17 0:00,8/29/17 0:00,206.89,1.525652688,1,107,3051
8/29/17 0:00,8/30/17 0:00,236.37,2.10729962,5,116,4259
8/30/17 0:00,8/31/17 0:00,474.416,5.52362329,6,143,9817
8/31/17 0:00,9/1/17 0:00,116.098,3.012330824,14,97,6709
9/1/17 0:00,9/2/17 0:00,0.475,0.696658834,3,0,1642
9/2/17 0:00,9/3/17 0:00,0,1.759268615,2,0,4453
9/3/17 0:00,9/4/17 0:00,0,0.01056331,0,0,27
9/4/17 0:00,9/5/17 0:00,0,0.023320061,0,0,60
9/5/17 0:00,9/6/17 0:00,548.815,6.012621214,6,191,10843
9/6/17 0:00,9/7/17 0:00,0.084,1.519521135,4,0,3707
9/7/17 0:00,9/8/17 0:00,438.226,5.183233712,4,192,10397
9/8/17 0:00,9/9/17 0:00,337.909,4.713140632,3,124,8520
9/9/17 0:00,9/10/17 0:00,0,0.013278702,0,0,33
9/10/17 0:00,9/11/17 0:00,0.133,1.681105994,1,0,4331
9/11/17 0:00,9/12/17 0:00,150.916,1.586976986,2,93,3145
9/12/17 0:00,9/13/17 0:00,578.15,6.936823524,4,211,12112
9/13/17 0:00,9/14/17 0:00,533.904,6.05402574,3,196,10070
9/14/17 0:00,9/15/17 0:00,212.391,2.047523712,5,110,4103
9/15/17 0:00,9/16/17 0:00,84.82290955,1.093143253,1,90,2320
9/16/17 0:00,9/17/17 0:00,50.92309045,0.942366501,2,89,2056
9/17/17 0:00,9/18/17 0:00,0.096,0.025451364,0,0,61
9/18/17 0:00,9/19/17 0:00,552.507,3.156994403,3,94,6473
9/19/17 0:00,9/20/17 0:00,1418.174,7.002654498,8,207,12562
9/20/17 0:00,9/21/17 0:00,1067.007993,5.745732423,3,176,9548
9/21/17 0:00,9/22/17 0:00,709.99,5.548987662,6,177,10689
9/22/17 0:00,9/23/17 0:00,67.897,1.132237134,2,90,2345
9/23/17 0:00,9/24/17 0:00,0.257,0.038841913,0,0,93
9/24/17 0:00,9/25/17 0:00,468.387,5.846723883,5,176,9990
9/25/17 0:00,9/26/17 0:00,93.523,1.07491296,2,115,2277.753178
9/26/17 0:00,9/27/17 0:00,259.594,2.677941374,1,130,5736
9/27/17 0:00,9/28/17 0:00,170.604,1.90406372,1,100,4096
9/28/17 0:00,9/29/17 0:00,807.119,4.613801901,8,138,9781
9/29/17 0:00,9/30/17 0:00,898.8750061,4.57176931,3,127,7990
9/30/17 0:00,10/1/17 0:00,274.9066384,2.403901574,4,98,5056.023358
10/1/17 0:00,10/2/17 0:00,20.83636162,0.314454626,1,205,673.9766422
10/2/17 0:00,10/3/17 0:00,199.192,1.88266367,3,132,3928
10/3/17 0:00,10/4/17 0:00,368.466,3.693501252,5,113,7473
10/4/17 0:00,10/5/17 0:00,157.931,1.38192715,4,120,2942
10/5/17 0:00,10/6/17 0:00,391.263,4.039150205,1,130,8668
10/6/17 0:00,10/7/17 0:00,418.942,5.071202403,3,172,9339
10/7/17 0:00,10/8/17 0:00,0,0.033461525,0,0,88
10/8/17 0:00,10/9/17 0:00,299.721,2.853974944,8,131,6107.985717
10/9/17 0:00,10/10/17 0:00,0,0.074854708,0,0,191
10/10/17 0:00,10/11/17 0:00,174.192,1.89672977,2,115,3964
10/11/17 0:00,10/12/17 0:00,158.392,1.539837036,2,99,3205
10/12/17 0:00,10/13/17 0:00,107.651,1.142375306,0,94,2425
10/13/17 0:00,10/14/17 0:00,1223.935005,4.871786644,5,186,8802.473175
10/14/17 0:00,10/15/17 0:00,0,0.124088405,1,0,299
10/15/17 0:00,10/16/17 0:00,0,0.439739545,2,0,1084.619251
10/16/17 0:00,10/17/17 0:00,116.755,1.208818567,0,138,2510.094462
10/17/17 0:00,10/18/17 0:00,184.022,1.858839013,2,144,3923
10/18/17 0:00,10/19/17 0:00,298.974,3.000017229,3,107,6420
10/19/17 0:00,10/20/17 0:00,90.337,0.746811993,2,94,1638
10/20/17 0:00,10/21/17 0:00,0,0.176223348,1,0,477.4367542
10/21/17 0:00,10/22/17 0:00,0,0.027602248,0,0,69.56324578
10/22/17 0:00,10/23/17 0:00,0,0.036794236,0,0,88
10/23/17 0:00,10/24/17 0:00,198.965,1.902343754,3,117,4082
10/24/17 0:00,10/25/17 0:00,96.955,1.522811273,3,122,3573
10/25/17 0:00,10/26/17 0:00,143.066,1.700185322,2,104,3567
10/26/17 0:00,10/27/17 0:00,234.66,2.011715821,1,110,4282
10/27/17 0:00,10/28/17 0:00,89.473,0.873406323,0,154,1920
10/28/17 0:00,10/29/17 0:00,156.233,1.86784592,1,112,3898
10/29/17 0:00,10/30/17 0:00,0.164,0.042696933,0,105,114
10/30/17 0:00,10/31/17 0:00,141.783,1.336347574,3,110,2790.027568
10/31/17 0:00,11/1/17 0:00,391.438,4.533531355,3,196,8505.284022
11/1/17 0:00,11/2/17 0:00,150.16,1.501857469,2,104,3197
11/2/17 0:00,11/3/17 0:00,278.598,3.167383334,4,137,6588
11/3/17 0:00,11/4/17 0:00,72.2950702,0.372760456,1,102,786
11/4/17 0:00,11/5/17 0:00,22.2499298,0.545217765,1,113,1384
11/5/17 0:00,11/6/17 0:00,305.657,3.400114491,0,117,7344.808528
11/6/17 0:00,11/7/17 0:00,1.639,1.623592768,4,183,4334
11/7/17 0:00,11/8/17 0:00,241.623,2.594697732,0,158,5442
11/8/17 0:00,11/9/17 0:00,459.325,5.67596251,3,140,9943
11/9/17 0:00,11/10/17 0:00,117.322,1.070967845,2,99,2435
11/10/17 0:00,11/11/17 0:00,424.544,5.121404938,2,173,9294.656778
11/11/17 0:00,11/12/17 0:00,0,0.119117754,0,0,303
11/12/17 0:00,11/13/17 0:00,0,0.045533394,0,0,109
11/13/17 0:00,11/14/17 0:00,260.726,2.901521593,2,136,6192.983231
11/14/17 0:00,11/15/17 0:00,465.197,5.508056539,5,186,10168.23265
11/15/17 0:00,11/16/17 0:00,76.426,1.204082775,1,128,2728.090356
11/16/17 0:00,11/17/17 0:00,2.101,0.613239088,1,161,1541.789231
11/17/17 0:00,11/18/17 0:00,0.11,1.292187485,5,0,3268
11/18/17 0:00,11/19/17 0:00,0,0.033723133,0,0,91
11/19/17 0:00,11/20/17 0:00,110.771,1.143667189,1,125,2462.719122
11/20/17 0:00,11/21/17 0:00,166.395,1.404434469,2,111,2902
11/21/17 0:00,11/22/17 0:00,270.024,2.404102695,1,158,5032.098522
11/22/17 0:00,11/23/17 0:00,0,0.371260599,2,0,1017
11/23/17 0:00,11/24/17 0:00,260.1768845,2.677077301,1,94,5779.730734
11/24/17 0:00,11/25/17 0:00,420.3721155,4.917793812,4,185,11089
11/25/17 0:00,11/26/17 0:00,160.844,1.924609652,7,183,4252.666888
11/26/17 0:00,11/27/17 0:00,412.439,4.942184113,11,120,10651.05243
11/27/17 0:00,11/28/17 0:00,177.875,2.143196754,6,125,4453
11/28/17 0:00,11/29/17 0:00,0,0.046426884,0,0,122
11/29/17 0:00,11/30/17 0:00,0.029,0.963148842,4,116,2393
11/30/17 0:00,12/1/17 0:00,0,0.926876017,1,0,2415
12/1/17 0:00,12/2/17 0:00,0,0.049336805,0,0,132
12/2/17 0:00,12/3/17 0:00,0.101,0.021445533,0,171,58
12/3/17 0:00,12/4/17 0:00,0,0.07412536,1,0,185
12/4/17 0:00,12/5/17 0:00,331.488,2.597486539,10,155,5442.242307
12/5/17 0:00,12/6/17 0:00,0,1.706849982,3,0,4744
12/6/17 0:00,12/7/17 0:00,305.012,2.597153228,5,115,5388.093003
12/7/17 0:00,12/8/17 0:00,104.07,1.215241247,1,136,2569.980137
12/8/17 0:00,12/9/17 0:00,372.7539577,4.404003815,5,152,9684.358113
12/9/17 0:00,12/10/17 0:00,344.7430423,5.617606177,2,139,12668.40481
12/10/17 0:00,12/11/17 0:00,0,0.577484221,0,0,1402.028882
12/11/17 0:00,12/12/17 0:00,0,2.515302917,7,0,6509.065181
12/12/17 0:00,12/13/17 0:00,0,1.794193313,9,0,4563.096016
12/13/17 0:00,12/14/17 0:00,1.528,0.479411445,0,0,1179.773476
12/14/17 0:00,12/15/17 0:00,200.451,2.31119572,0,126,4931.584198
12/15/17 0:00,12/16/17 0:00,596.015,5.192965888,5,125,11161.52293
12/16/17 0:00,12/17/17 0:00,0,2.212936829,8,0,5428.477069
12/17/17 0:00,12/18/17 0:00,0.117,1.906624757,1,0,5007.91944
12/18/17 0:00,12/19/17 0:00,76.15468164,1.148525702,0,118,2414.08056
12/19/17 0:00,12/20/17 0:00,337.2873184,5.645179019,3,123,11935.92281
12/20/17 0:00,12/21/17 0:00,49.35699651,0.898526524,2,94,1962.491983
12/21/17 0:00,12/22/17 0:00,59.02700349,0.892853734,0,132,1970
12/22/17 0:00,12/23/17 0:00,0,3.322114149,2,138,7798
12/23/17 0:00,12/24/17 0:00,191.92,3.678494951,1,149,7886.31127
12/24/17 0:00,12/25/17 0:00,71.41,0.617529954,1,86,1390.68873
12/25/17 0:00,12/26/17 0:00,85.871,2.262749919,0,126,5146.584034
12/26/17 0:00,12/27/17 0:00,0,0.577904346,0,0,1392
12/27/17 0:00,12/28/17 0:00,0,1.373764723,2,0,3400
12/28/17 0:00,12/29/17 0:00,0,1.659797905,0,0,4208
12/29/17 0:00,12/30/17 0:00,1.166,4.353060205,2,0,10760.63514
12/30/17 0:00,12/31/17 0:00,0,2.411483873,1,0,5777
12/31/17 0:00,1/1/18 0:00,0,3.941663729,7,0,9132.450541
1/1/18 0:00,1/2/18 0:00,0,1.978866107,0,0,4917.194452
1/2/18 0:00,1/3/18 0:00,0.06,3.06366897,2,0,7835.355007
1/3/18 0:00,1/4/18 0:00,0,4.300987154,5,0,10393
1/4/18 0:00,1/5/18 0:00,0,2.959861607,3,0,7719
1/5/18 0:00,1/6/18 0:00,0.301,0.070281276,0,0,179
1/6/18 0:00,1/7/18 0:00,0,1.1990301,2,0,3193
1/7/18 0:00,1/8/18 0:00,0,0.051499405,0,0,120
1/8/18 0:00,1/9/18 0:00,222.198,1.939704286,3,130,4006
1/9/18 0:00,1/10/18 0:00,0,0.471783758,1,0,1121
1/10/18 0:00,1/11/18 0:00,52.398,1.635140836,3,171,3523
1/11/18 0:00,1/12/18 0:00,226.924,2.291812978,2,114,4751
1/12/18 0:00,1/13/18 0:00,0,0.081790795,0,0,196
1/13/18 0:00,1/14/18 0:00,98.013,0.931806626,2,123,1957
1/14/18 0:00,1/15/18 0:00,0,0.053651926,0,0,133
1/15/18 0:00,1/16/18 0:00,0,0.009966552,0,0,24
1/16/18 0:00,1/17/18 0:00,93.225,1.0612357,2,139,2231
1/17/18 0:00,1/18/18 0:00,0,1.502558908,5,0,4243
1/18/18 0:00,1/19/18 0:00,2.45,0.962857376,2,0,2346
1/19/18 0:00,1/20/18 0:00,0,0.129455829,0,0,326
1/20/18 0:00,1/21/18 0:00,1.638,0.411193999,0,0,1085
1/21/18 0:00,1/22/18 0:00,0,0.067628425,0,0,166
1/22/18 0:00,1/23/18 0:00,0.041,0.618882069,1,0,1543
1/23/18 0:00,1/24/18 0:00,0,0.862105946,2,0,2256
1/24/18 0:00,1/25/18 0:00,166.87,1.47366262,2,123,3024
1/25/18 0:00,1/26/18 0:00,56.974,0.74334805,1,144,1614
1/26/18 0:00,1/27/18 0:00,241.09,1.61472291,0,92,3388
1/27/18 0:00,1/28/18 0:00,2.474,0.394503094,1,105,1105
1/28/18 0:00,1/29/18 0:00,0.025,0.053273236,0,0,126
1/29/18 0:00,1/30/18 0:00,0,0.715120689,3,0,1890
1/30/18 0:00,1/31/18 0:00,193.447,2.985243465,2,119,5570
1/31/18 0:00,2/1/18 0:00,1.709,0.416194574,1,0,1076
2/1/18 0:00,2/2/18 0:00,2.691,0.682815147,1,0,1907
2/2/18 0:00,2/3/18 0:00,0,0.063616761,0,0,154
2/3/18 0:00,2/4/18 0:00,0,0.023810122,0,0,55
2/4/18 0:00,2/5/18 0:00,0,0.032785471,0,0,74
2/5/18 0:00,2/6/18 0:00,0,0.582344225,0,0,1504
2/6/18 0:00,2/7/18 0:00,0,0.026030947,0,0,61
2/7/18 0:00,2/8/18 0:00,0,1.036883836,4,0,2742
2/8/18 0:00,2/9/18 0:00,0,0.578024067,1,0,1646
2/9/18 0:00,2/10/18 0:00,0,0.023107158,0,0,62
2/10/18 0:00,2/11/18 0:00,0,0.038370572,0,0,92
2/11/18 0:00,2/12/18 0:00,0,0.006033804,0,0,16
2/12/18 0:00,2/13/18 0:00,0,1.310588178,4,0,3591
2/13/18 0:00,2/14/18 0:00,0,0.481868703,2,0,1283
2/14/18 0:00,2/15/18 0:00,0,1.599748466,2,0,3817
2/15/18 0:00,2/16/18 0:00,0.039,0.340043487,2,0,839.6607774
2/16/18 0:00,2/17/18 0:00,0.06,1.16312348,1,0,3122.339223
2/17/18 0:00,2/18/18 0:00,0.073,0.006943664,0,0,16
2/18/18 0:00,2/19/18 0:00,0,0.04020055,0,0,97
2/19/18 0:00,2/20/18 0:00,0,0.62889836,3,0,1507
2/20/18 0:00,2/21/18 0:00,0,0.012007679,0,0,34
2/21/18 0:00,2/22/18 0:00,199.896,1.73770525,2,104,3661
2/22/18 0:00,2/23/18 0:00,0,1.575799291,5,0,3761
2/23/18 0:00,2/24/18 0:00,76.512,0.965769998,1,140,2091
2/24/18 0:00,2/25/18 0:00,0,0.001762035,0,0,4
2/25/18 0:00,2/26/18 0:00,0,0.011221537,0,0,26
2/26/18 0:00,2/27/18 0:00,196.319,1.567813281,3,121,3300.154215
2/27/18 0:00,2/28/18 0:00,0,0.028808381,0,0,66
2/28/18 0:00,3/1/18 0:00,213.265,2.170372289,1,107,4606
3/1/18 0:00,3/2/18 0:00,98.126,1.393680265,3,97,3286
3/2/18 0:00,3/3/18 0:00,0,6.51539346,10,0,16553
3/3/18 0:00,3/4/18 0:00,0,2.874832791,13,0,7725
3/4/18 0:00,3/5/18 0:00,0,2.91776503,1,0,8134
3/5/18 0:00,3/6/18 0:00,0,4.353363584,6,0,11246.61886
3/6/18 0:00,3/7/18 0:00,0,2.883036143,5,0,7171.169832
3/7/18 0:00,3/8/18 0:00,0,0.510719625,1,0,1376.211309
3/8/18 0:00,3/9/18 0:00,0,0.603853907,1,0,1462
3/9/18 0:00,3/10/18 0:00,0,0.104988495,0,0,259
3/10/18 0:00,3/11/18 0:00,0,0.080028946,0,0,199
3/11/18 0:00,3/12/18 0:00,0,0.412490418,1,0,1021
3/12/18 0:00,3/13/18 0:00,0.054,0.076931511,0,0,196
3/13/18 0:00,3/14/18 0:00,0,0.004585212,0,0,11
3/14/18 0:00,3/15/18 0:00,0,1.487011146,7,0,3940
3/15/18 0:00,3/16/18 0:00,0,0.082313192,0,0,207
3/16/18 0:00,3/17/18 0:00,0,0.308752619,1,0,748
3/17/18 0:00,3/18/18 0:00,0,0.0127397,0,0,32
3/18/18 0:00,3/19/18 0:00,0,0.046401797,0,0,115
3/19/18 0:00,3/20/18 0:00,214.656,1.762092387,1,125,3739
3/20/18 0:00,3/21/18 0:00,197.426,1.869868454,7,156,4042.049054
3/21/18 0:00,3/22/18 0:00,203.418,1.476132557,4,138,3150
3/22/18 0:00,3/23/18 0:00,0,0.074470053,0,0,176
3/23/18 0:00,3/24/18 0:00,0,0.07568242,0,0,194
3/24/18 0:00,3/25/18 0:00,0,0.018272289,0,0,42
3/25/18 0:00,3/26/18 0:00,0,0.052208087,0,0,131
3/26/18 0:00,3/27/18 0:00,221.318,1.620890912,2,100,3341
3/27/18 0:00,3/28/18 0:00,2.811,0.21635616,2,78,512
3/28/18 0:00,3/29/18 0:00,177.428,2.045152701,0,113,4496.347028
3/29/18 0:00,3/30/18 0:00,0,0.689617804,0,0,1708
3/30/18 0:00,3/31/18 0:00,0.015,0.099192953,0,67,254
3/31/18 0:00,4/1/18 0:00,0,0.06620765,0,0,160
4/1/18 0:00,4/2/18 0:00,0.256,0,0,0,0
4/2/18 0:00,4/3/18 0:00,181.162,1.462779841,2,123,3055
4/3/18 0:00,4/4/18 0:00,160.543,1.497893807,0,129,3298
4/4/18 0:00,4/5/18 0:00,243.542,2.074000564,2,106,4410
4/5/18 0:00,4/6/18 0:00,0,0.037837496,0,0,95
4/6/18 0:00,4/7/18 0:00,0,0.056335544,0,0,141
4/7/18 0:00,4/8/18 0:00,0,0.023639555,0,0,63
4/8/18 0:00,4/9/18 0:00,0.071,0.91193462,1,0,2204
4/9/18 0:00,4/10/18 0:00,183.426,1.213043003,2,103,2544
4/10/18 0:00,4/11/18 0:00,102.604,0.93505445,4,95,2009
4/11/18 0:00,4/12/18 0:00,215.897,1.802509838,13,132,3851.239072
4/12/18 0:00,4/13/18 0:00,192.148,1.504169817,3,136,3160
4/13/18 0:00,4/14/18 0:00,0.109,1.529570549,2,133,3988
4/14/18 0:00,4/15/18 0:00,0,4.727785849,5,0,12949
4/15/18 0:00,4/16/18 0:00,0,4.822766309,8,0,11297
4/16/18 0:00,4/17/18 0:00,0,2.58899647,4,0,6400
4/17/18 0:00,4/18/18 0:00,0,0.600147143,1,0,1588
4/18/18 0:00,4/19/18 0:00,0,1.141226767,2,0,2774
4/19/18 0:00,4/20/18 0:00,0.222,0.014755286,0,0,39
4/20/18 0:00,4/21/18 0:00,138.143,1.04386663,1,116,2221.285117
4/21/18 0:00,4/22/18 0:00,0,0.017173287,0,0,43
4/22/18 0:00,4/23/18 0:00,38.8,0.414249076,1,107,869
4/23/18 0:00,4/24/18 0:00,215.035,1.43380633,3,135,2977
4/24/18 0:00,4/25/18 0:00,184.7550183,1.258267332,1,147,2665
4/25/18 0:00,4/26/18 0:00,333.7329817,3.555761112,2,127,7646
4/26/18 0:00,4/27/18 0:00,141.936,1.02327484,1,113,2191
4/27/18 0:00,4/28/18 0:00,287.555,3.290989526,3,143,7115.614043
4/28/18 0:00,4/29/18 0:00,133.156,3.823251414,6,122,9095
4/29/18 0:00,4/30/18 0:00,490.698,4.649963507,4,124,9998
4/30/18 0:00,5/1/18 0:00,367.062,4.506743362,3,122,9772
5/1/18 0:00,5/2/18 0:00,200.2445148,2.500229079,3,134,5557
5/2/18 0:00,5/3/18 0:00,195.3544852,2.567888991,2,102,5545
5/3/18 0:00,5/4/18 0:00,192.759,3.117275269,0,114,6757
5/4/18 0:00,5/5/18 0:00,351.815,3.922999755,3,98,8713.911642
5/5/18 0:00,5/6/18 0:00,383.514,3.722929,3,156,7953.29994
5/6/18 0:00,5/7/18 0:00,49.285,0.60142015,1,133,1286.980471
5/7/18 0:00,5/8/18 0:00,67.753,0.645375034,1,109,1378
5/8/18 0:00,5/9/18 0:00,22.047,0.275622362,0,171,616
5/9/18 0:00,5/10/18 0:00,67.18532695,0.842751679,0,162,1557.448039
5/10/18 0:00,5/11/18 0:00,366.6386731,4.081160798,2,186,7960.551961
5/11/18 0:00,5/12/18 0:00,169.006,2.149600585,0,155,4141.977029
5/12/18 0:00,5/13/18 0:00,84.21904229,0.179378991,0,93,379
5/13/18 0:00,5/14/18 0:00,13.78395771,0.167101567,0,65,378
5/14/18 0:00,5/15/18 0:00,170.2281659,1.990740044,1,154,3973
5/15/18 0:00,5/16/18 0:00,286.2568341,3.434920963,0,158,6442
5/16/18 0:00,5/17/18 0:00,126.559864,0.996365968,1,158,1937.752815
5/17/18 0:00,5/18/18 0:00,23.99013597,0.183458735,0,96,417
5/18/18 0:00,5/19/18 0:00,439.0846512,2.898341828,3,136,6246.113449
5/19/18 0:00,5/20/18 0:00,4.204348849,0.329253606,3,0,824.8865514
5/20/18 0:00,5/21/18 0:00,70.965,0.520918742,1,145,1124.801874
5/21/18 0:00,5/22/18 0:00,92.77082164,1.294896017,0,170,2440.971338
5/22/18 0:00,5/23/18 0:00,527.1601784,4.967552201,1,198,10025.02866
5/23/18 0:00,5/24/18 0:00,270.608,3.193132357,0,170,5869
5/24/18 0:00,5/25/18 0:00,243.025,2.789427672,0,150,5264
5/25/18 0:00,5/26/18 0:00,87.47993032,0.754595986,1,95,1706
5/26/18 0:00,5/27/18 0:00,273.8490697,3.825487801,1,195,7846.353174
5/27/18 0:00,5/28/18 0:00,363.3954979,4.772756786,1,192,9654.663671
5/28/18 0:00,5/29/18 0:00,7.766502085,0.084566481,0,188,225.3363285
5/29/18 0:00,5/30/18 0:00,0.097,0.851623687,1,0,2358
5/30/18 0:00,5/31/18 0:00,77.73976488,0.685596535,0,104,1474.948583
5/31/18 0:00,6/1/18 0:00,183.9192675,2.063699,0,189,4705.051417
6/1/18 0:00,6/2/18 0:00,5.786967647,0.013312225,0,125,30
6/2/18 0:00,6/3/18 0:00,0,0.102518516,0,0,295
6/3/18 0:00,6/4/18 0:00,0,0.004991094,0,0,15
6/4/18 0:00,6/5/18 0:00,97.63054013,0.567177374,1,93,1278
6/5/18 0:00,6/6/18 0:00,467.6037383,4.9331674,1,177,9441.600825
6/6/18 0:00,6/7/18 0:00,34.30472153,0.277535255,0,109,651.3991753
6/7/18 0:00,6/8/18 0:00,0.089,0.760639713,1,0,2165
6/8/18 0:00,6/9/18 0:00,278.831,3.307159406,0,180,5744
6/9/18 0:00,6/10/18 0:00,64.066,0.506845168,0,139,1179
6/10/18 0:00,6/11/18 0:00,37.296,0.293709317,1,87,671
6/11/18 0:00,6/12/18 0:00,0,0.01824831,0,0,49
6/12/18 0:00,6/13/18 0:00,0,0.059124174,0,0,169
6/13/18 0:00,6/14/18 0:00,46.419,0.548297253,1,107,1281
6/14/18 0:00,6/15/18 0:00,0.05,0.029892725,0,0,83
6/15/18 0:00,6/16/18 0:00,1.698,0.640286498,1,0,1765
6/16/18 0:00,6/17/18 0:00,0,0.083600671,0,0,254
6/17/18 0:00,6/18/18 0:00,81.243,0.755027007,1,92,1745
6/18/18 0:00,6/19/18 0:00,136.395,1.877898015,0,148,3724
6/19/18 0:00,6/20/18 0:00,14.151,0.203314952,0,89,507
6/20/18 0:00,6/21/18 0:00,256.885,2.176436574,1,107,4996.219563
6/21/18 0:00,6/22/18 0:00,162.804,1.079667005,2,120,2466.236921
6/22/18 0:00,6/23/18 0:00,0.038,0.140051797,0,0,395
6/23/18 0:00,6/24/18 0:00,0,0.064266512,0,0,188
6/24/18 0:00,6/25/18 0:00,0,0.030904396,0,0,87
6/25/18 0:00,6/26/18 0:00,324.043,2.930413045,1,116,6714.427807
6/26/18 0:00,6/27/18 0:00,642.883,8.469022308,1,161,18339
6/27/18 0:00,6/28/18 0:00,297.04,2.266502821,4,100,5109.371569
6/28/18 0:00,6/29/18 0:00,60.903,0.476070887,0,94,1109
6/29/18 0:00,6/30/18 0:00,377.264,4.42973136,10,166,9832.638453
6/30/18 0:00,7/1/18 0:00,446.853,6.736508552,16,163,15159
7/1/18 0:00,7/2/18 0:00,331.946,4.536499741,7,148,10068.48419
7/2/18 0:00,7/3/18 0:00,394.453,5.106436752,15,172,11749
7/3/18 0:00,7/4/18 0:00,352.325,5.310368507,14,115,11939.35214
7/4/18 0:00,7/5/18 0:00,324.23,3.624256944,10,129,8131
7/5/18 0:00,7/6/18 0:00,456.633,6.61491269,10,149,14597
7/6/18 0:00,7/7/18 0:00,189.737,2.036723425,2,99,4767.328462
7/7/18 0:00,7/8/18 0:00,54.252,0.364352714,0,106,869
7/8/18 0:00,7/9/18 0:00,0,0.01413037,0,0,40
7/9/18 0:00,7/10/18 0:00,263.457,2.505603723,0,157,5949.934575
7/10/18 0:00,7/11/18 0:00,192.222,1.236253005,0,121,2949
7/11/18 0:00,7/12/18 0:00,31.076,0.938386629,1,97,2445
7/12/18 0:00,7/13/18 0:00,0.159,0.447399133,1,0,1291
7/13/18 0:00,7/14/18 0:00,3.815,0.221982643,2,0,621
7/14/18 0:00,7/15/18 0:00,17.145,0.253417533,1,192,616
7/15/18 0:00,7/16/18 0:00,45.121,0.748063832,1,133,1758
7/16/18 0:00,7/17/18 0:00,49.581,0.573726315,0,130,1324
7/17/18 0:00,7/18/18 0:00,231.335,2.472767627,3,130,5718
7/18/18 0:00,7/19/18 0:00,176.485,1.608610968,1,126,3758
7/19/18 0:00,7/20/18 0:00,265.2056775,2.25990478,2,168,5185.747568
7/20/18 0:00,7/21/18 0:00,564.2003225,6.425664325,26,166,14592.05181
7/21/18 0:00,7/22/18 0:00,415.2295645,4.664511751,17,137,10712.48632
7/22/18 0:00,7/23/18 0:00,415.4734355,4.311183963,9,162,9640.215628
7/23/18 0:00,7/24/18 0:00,209.26,1.194971048,2,99,2692
7/24/18 0:00,7/25/18 0:00,0.18,0.160074863,3,98,439
7/25/18 0:00,7/26/18 0:00,179.826,0.536900719,2,84,1200
7/26/18 0:00,7/27/18 0:00,0.148,0.202234594,1,0,548
7/27/18 0:00,7/28/18 0:00,54.873,1.258633132,2,92,3371.479041
7/28/18 0:00,7/29/18 0:00,0,0.092539453,0,0,242
7/29/18 0:00,7/30/18 0:00,56.411,0.495793407,2,149,1197
7/30/18 0:00,7/31/18 0:00,164.292,0.66859277,2,88,1458
7/31/18 0:00,8/1/18 0:00,199.023,0.970497595,1,101,2198
8/1/18 0:00,8/2/18 0:00,161.16,0.679237284,2,90,1492
8/2/18 0:00,8/3/18 0:00,172.136,0.854969466,2,98,1935
8/3/18 0:00,8/4/18 0:00,183.771,0.812678183,2,94,1831
8/4/18 0:00,8/5/18 0:00,64.71,0.631091908,2,113,1476
8/5/18 0:00,8/6/18 0:00,0,0.017613128,0,0,46
8/6/18 0:00,8/7/18 0:00,201.956,0.949675631,3,142,2119
8/7/18 0:00,8/8/18 0:00,167.838,0.764488142,4,99,1825.133158
8/8/18 0:00,8/9/18 0:00,0,0.437680686,2,0,1199
8/9/18 0:00,8/10/18 0:00,147.168,0.566969367,2,92,1262
8/10/18 0:00,8/11/18 0:00,253.666,1.523774297,2,162,3542
8/11/18 0:00,8/12/18 0:00,0,0.035619537,0,0,92
8/12/18 0:00,8/13/18 0:00,0,0.033832994,0,0,93
8/13/18 0:00,8/14/18 0:00,159.265,0.579068025,2,91,1305
8/14/18 0:00,8/15/18 0:00,182.139,0.97049048,4,102,2177
8/15/18 0:00,8/16/18 0:00,176.444,0.956645402,4,167,2137
8/16/18 0:00,8/17/18 0:00,155.506,0.718969562,2,87,1603.601004
8/17/18 0:00,8/18/18 0:00,135.209,1.319412823,2,91,3314
8/18/18 0:00,8/19/18 0:00,0.034,0.253633191,6,0,721
8/19/18 0:00,8/20/18 0:00,33.476,0.357005295,2,143,882.7024927
8/20/18 0:00,8/21/18 0:00,184.994,0.808656888,2,94,1806.356835
8/21/18 0:00,8/22/18 0:00,168.966,0.706143278,2,127,1573.713108
8/22/18 0:00,8/23/18 0:00,186.953,1.135362081,2,139,2527
8/23/18 0:00,8/24/18 0:00,157.393,0.794098877,2,149,1747
8/24/18 0:00,8/25/18 0:00,229.874,1.594577541,3,96,3557.448354
8/25/18 0:00,8/26/18 0:00,0,0.041935832,0,0,113
8/26/18 0:00,8/27/18 0:00,31.546,0.301343079,2,147,716
8/27/18 0:00,8/28/18 0:00,229.56,1.302903124,2,111,2600
8/28/18 0:00,8/29/18 0:00,186.321,1.020861833,2,168,2138
8/29/18 0:00,8/30/18 0:00,170.121,0.93406911,2,140,2044
8/30/18 0:00,8/31/18 0:00,173.826,0.80130508,2,127,1795
8/31/18 0:00,9/1/18 0:00,151.604,0.603162494,1,87,1327
9/1/18 0:00,9/2/18 0:00,658.7293525,7.359481771,10,121,16960.77235
9/2/18 0:00,9/3/18 0:00,231.7346475,2.158146433,1,125,5032.282101
9/3/18 0:00,9/4/18 0:00,301.359,3.356492843,4,123,7574
9/4/18 0:00,9/5/18 0:00,159.002,0.760985759,4,93,1697
9/5/18 0:00,9/6/18 0:00,181.315,1.171992628,4,144,2648
9/6/18 0:00,9/7/18 0:00,148.663,0.724231146,2,100,1615
9/7/18 0:00,9/8/18 0:00,241.2207575,1.76990427,6,134,3883
9/8/18 0:00,9/9/18 0:00,306.1074403,2.962591407,0,132,7011.153686
9/9/18 0:00,9/10/18 0:00,373.0555341,2.804735968,4,165,6533.617698
9/10/18 0:00,9/11/18 0:00,405.7372681,3.850504256,2,131,8819
9/11/18 0:00,9/12/18 0:00,190.541,0.982102887,2,87,2204
9/12/18 0:00,9/13/18 0:00,198.394,1.062553911,2,102,2214
9/13/18 0:00,9/14/18 0:00,174.553,1.116158062,2,119,2444
9/14/18 0:00,9/15/18 0:00,200.361,0.993423819,2,121,2288.72532
9/15/18 0:00,9/16/18 0:00,0,0.059401887,0,0,164.2746799
9/16/18 0:00,9/17/18 0:00,15.78,0.722509305,2,97,1965.689158
9/17/18 0:00,9/18/18 0:00,205.066,1.11906051,2,105,2453
9/18/18 0:00,9/19/18 0:00,437.617,3.673149639,5,130,7006.983188
9/19/18 0:00,9/20/18 0:00,209.185,1.289835292,6,131,2893
9/20/18 0:00,9/21/18 0:00,180.473,1.06150376,4,95,2391
9/21/18 0:00,9/22/18 0:00,239.34,1.275840735,2,104,2911.289031
9/22/18 0:00,9/23/18 0:00,317.45,3.817272881,3,176,7333.923484
9/23/18 0:00,9/24/18 0:00,203.451,0.911529662,3,147,2247.261593
9/24/18 0:00,9/25/18 0:00,432.139,4.048649511,5,194,7636
9/25/18 0:00,9/26/18 0:00,164.377,0.715523922,2,84,1596
9/26/18 0:00,9/27/18 0:00,162.019,0.966738746,2,121,2179
9/27/18 0:00,9/28/18 0:00,176.237,0.860521716,2,97,1913
9/28/18 0:00,9/29/18 0:00,202.76,1.279015293,2,88,2934
9/29/18 0:00,9/30/18 0:00,70.092,0.63211121,2,126,1494
9/30/18 0:00,10/1/18 0:00,0.105,0.047514071,0,0,122
10/1/18 0:00,10/2/18 0:00,491.835,4.823905527,5,151,9111.261011
10/2/18 0:00,10/3/18 0:00,537.994,4.049020168,6,188,7459
10/3/18 0:00,10/4/18 0:00,155.605,0.814266466,2,101,1814.663875
10/4/18 0:00,10/5/18 0:00,171.604,0.914349782,2,84,2119
10/5/18 0:00,10/6/18 0:00,256.721,0.88086953,2,93,1982
10/6/18 0:00,10/7/18 0:00,232.454,2.440229045,3,103,5502
10/7/18 0:00,10/8/18 0:00,231.671,2.235056776,4,97,5274
10/8/18 0:00,10/9/18 0:00,505.926,3.709632156,5,187,6754.236956
10/9/18 0:00,10/10/18 0:00,155.633,0.711051935,2,108,1581
10/10/18 0:00,10/11/18 0:00,163.743,0.87639057,2,99,1962
10/11/18 0:00,10/12/18 0:00,160.432,0.878022279,2,86.59555817,1983
10/12/18 0:00,10/13/18 0:00,72.621,1.082162314,2,91,2806
10/13/18 0:00,10/14/18 0:00,0.016,0.189784481,0,0,517
10/14/18 0:00,10/15/18 0:00,0.135,0.038398344,0,0,115
10/15/18 0:00,10/16/18 0:00,733.075,3.597329816,3,190,6865.734549
10/16/18 0:00,10/17/18 0:00,252.916,3.223112327,3,176,6125
10/17/18 0:00,10/18/18 0:00,0,0.056218167,0,0,157
10/18/18 0:00,10/19/18 0:00,234.963,3.108859068,5,201,7085
10/19/18 0:00,10/20/18 0:00,75.343,0.670041181,2,112,1520
10/20/18 0:00,10/21/18 0:00,505.657,3.5316335,1,189,7878
10/21/18 0:00,10/22/18 0:00,530.135,1.609579635,3,173,3695
10/22/18 0:00,10/23/18 0:00,0,0.089139252,0,0,256
10/23/18 0:00,10/24/18 0:00,640.209,5.133768764,5,180,10000.48616
10/24/18 0:00,10/25/18 0:00,736.977,4.30926343,6,185,9226.604637
10/25/18 0:00,10/26/18 0:00,0.035,0.081003032,0,0,244
10/26/18 0:00,10/27/18 0:00,592.022,4.720373216,2,183,9829
10/27/18 0:00,10/28/18 0:00,0.099,0.124393994,0,0,348
10/28/18 0:00,10/29/18 0:00,68.803,0.730720075,2,97,1692.12268
10/29/18 0:00,10/30/18 0:00,0.09,0.076420634,0,0,219
10/30/18 0:00,10/31/18 0:00,51.703,0.941781914,2,118,2113
10/31/18 0:00,11/1/18 0:00,0,0.076108725,0,0,214
11/1/18 0:00,11/2/18 0:00,0,0.308018146,2,0,914
11/2/18 0:00,11/3/18 0:00,38.172,0.341813713,2,84,808
11/3/18 0:00,11/4/18 0:00,327.733,3.766978088,5,104,8692.858929
11/4/18 0:00,11/5/18 0:00,173.113,1.971546162,1,89,4652
11/5/18 0:00,11/6/18 0:00,0,0.074227282,0,0,202
11/6/18 0:00,11/7/18 0:00,0,0.085160343,0,0,225
11/7/18 0:00,11/8/18 0:00,115.234,1.495708094,2,114,3354
11/8/18 0:00,11/9/18 0:00,0.159,0.067160518,0,0,191
11/9/18 0:00,11/10/18 0:00,0,0.073813177,0,0,191
11/10/18 0:00,11/11/18 0:00,0,0.079097857,0,0,226
11/11/18 0:00,11/12/18 0:00,103.097,0.803450247,2,104,1835
11/12/18 0:00,11/13/18 0:00,0.025,0.032308129,0,0,102
11/13/18 0:00,11/14/18 0:00,0.113,0.030651696,0,0,82
11/14/18 0:00,11/15/18 0:00,108.325,1.088283062,2,182,2410
11/15/18 0:00,11/16/18 0:00,0,0.052997635,0,0,158
11/16/18 0:00,11/17/18 0:00,97.664,0.851749516,4,150,1769
11/17/18 0:00,11/18/18 0:00,92.876,1.106914646,0,194,2154
11/18/18 0:00,11/19/18 0:00,323.507,3.406819426,0,194,6282
11/19/18 0:00,11/20/18 0:00,422,4.057900364,1,158,7606
11/20/18 0:00,11/21/18 0:00,231.7517347,1.767990633,0,122,3599
11/21/18 0:00,11/22/18 0:00,383.8549812,2.624253523,3,114,5507.377294
11/22/18 0:00,11/23/18 0:00,32.65528403,0.801578058,3,95,1981.217902
11/23/18 0:00,11/24/18 0:00,0,2.272853367,4,0,7302.474823
11/24/18 0:00,11/25/18 0:00,0,0.904741371,6,0,2786
11/25/18 0:00,11/26/18 0:00,0,0.252605043,0,0,670
11/26/18 0:00,11/27/18 0:00,0.174,0.21823375,2,0,657
11/27/18 0:00,11/28/18 0:00,0,0.100260833,0,0,264
11/28/18 0:00,11/29/18 0:00,0,0.071802406,0,0,183
11/29/18 0:00,11/30/18 0:00,0,0.038814397,0,0,112
11/30/18 0:00,12/1/18 0:00,109.694,0.817654397,2,92,1811
12/1/18 0:00,12/2/18 0:00,0.084,0.073918353,0,0,187
12/2/18 0:00,12/3/18 0:00,0,0.595885409,3,0,1675
12/3/18 0:00,12/4/18 0:00,0,0.092723395,0,0,252
12/4/18 0:00,12/5/18 0:00,55.661,1.056172426,2,112,2347
12/5/18 0:00,12/6/18 0:00,57.245,1.434127393,3,137,3373
12/6/18 0:00,12/7/18 0:00,308.09,2.316294108,0,119,4520
12/7/18 0:00,12/8/18 0:00,241.627,2.503076657,0,119,5317
12/8/18 0:00,12/9/18 0:00,0,0.082175444,0,0,223
12/9/18 0:00,12/10/18 0:00,0.06,0.741289927,2,0,2242
12/10/18 0:00,12/11/18 0:00,155.645,0.995573129,0,114,2003
12/11/18 0:00,12/12/18 0:00,89.142,0.670616672,0,108,1338
12/12/18 0:00,12/13/18 0:00,50.433,0.325528271,0,102,604
12/13/18 0:00,12/14/18 0:00,57.241,0.424507097,0,107,818
12/14/18 0:00,12/15/18 0:00,0,0.027138928,0,0,76
12/15/18 0:00,12/16/18 0:00,61.949,0.556343659,2,109,1271
12/16/18 0:00,12/17/18 0:00,0.134,0.010124639,0,100,26
12/17/18 0:00,12/18/18 0:00,0,0.058106031,0,0,161
12/18/18 0:00,12/19/18 0:00,115.111,1.537783358,4,126,3428
12/19/18 0:00,12/20/18 0:00,30.807,0.3044914,2,105,702
12/20/18 0:00,12/21/18 0:00,0,0.034910069,0,0,94
12/21/18 0:00,12/22/18 0:00,0.001,0.093461045,0,0,261
12/22/18 0:00,12/23/18 0:00,291.645,3.667591893,2,125,8021
12/23/18 0:00,12/24/18 0:00,254.1292046,1.872144643,6,145,4288
12/24/18 0:00,12/25/18 0:00,323.6268394,4.017648259,3,141,9202.903446
12/25/18 0:00,12/26/18 0:00,503.0813181,7.77228812,4,104,18134.76854
12/26/18 0:00,12/27/18 0:00,447.1448362,4.879512542,4,123,11177.6525
12/27/18 0:00,12/28/18 0:00,294.2841495,3.669693959,7,125,8191.900236
12/28/18 0:00,12/29/18 0:00,373.7242313,4.421340181,2,131,9882.67202
12/29/18 0:00,12/30/18 0:00,333.2724208,5.592860194,3,111,13529.66549
12/30/18 0:00,12/31/18 0:00,141.2915683,2.820873222,0,109,7034.950892
12/31/18 0:00,1/1/19 0:00,180.1918878,1.485395053,0,98,3601.456302
1/1/19 0:00,1/2/19 0:00,238.3705439,3.345698785,2,104,7920.613419
1/2/19 0:00,1/3/19 0:00,0.111,0.201663745,0,0,545.3245818
1/3/19 0:00,1/4/19 0:00,320.8057217,4.897299944,5,136,10964.64714
1/4/19 0:00,1/5/19 0:00,157.3572783,2.203941748,1,142,5136.237249
1/5/19 0:00,1/6/19 0:00,316.2931649,4.38253216,1,152,10451.30874
1/6/19 0:00,1/7/19 0:00,244.0128351,3.446987427,11,135,8129.691259
1/7/19 0:00,1/8/19 0:00,181.2753553,3.849929167,5,139,9327.156862
1/8/19 0:00,1/9/19 0:00,326.0686447,3.037205616,38,163,6975.461466
1/9/19 0:00,1/10/19 0:00,359.2683922,3.577547412,8,137,7957.517489
1/10/19 0:00,1/11/19 0:00,523.3938973,5.452509785,8,141,12686.2589
1/11/19 0:00,1/12/19 0:00,436.3515451,4.481326703,6,108,9964.228161
1/12/19 0:00,1/13/19 0:00,265.9621655,3.027461488,4,103,7006.283917
1/13/19 0:00,1/14/19 0:00,0.126,0.403200673,1,79,1155
1/14/19 0:00,1/15/19 0:00,219.0272274,2.241633879,6,108,5191.486952
1/15/19 0:00,1/16/19 0:00,138.5097726,2.01834981,0,128,4766.513048
1/16/19 0:00,1/17/19 0:00,0.489,3.483665345,3,0,9870.186462
1/17/19 0:00,1/18/19 0:00,59.48467576,2.276435468,2,100,5865.760057
1/18/19 0:00,1/19/19 0:00,224.7213433,2.432393995,0,114,5723.447323
1/19/19 0:00,1/20/19 0:00,580.1126178,8.385497682,7,137,19157.64171
1/20/19 0:00,1/21/19 0:00,295.2923632,3.635759779,2,104,8359.020713
1/21/19 0:00,1/22/19 0:00,212.6176555,3.303961258,0,118,7788.636262
1/22/19 0:00,1/23/19 0:00,242.9657122,3.877532822,3,100,9130.307476
1/23/19 0:00,1/24/19 0:00,312.4474922,4.341721754,6,100,9974.551878
1/24/19 0:00,1/25/19 0:00,268.3591401,5.348182545,3,122,12855.87839
1/25/19 0:00,1/26/19 0:00,229.722092,2.12409546,2,121,5023.111247
1/26/19 0:00,1/27/19 0:00,355.432908,4.410720245,4,152,10286.33969
1/27/19 0:00,1/28/19 0:00,0.071,0.250819626,2,0,669
1/28/19 0:00,1/29/19 0:00,0,0.669505444,2,0,2033
1/29/19 0:00,1/30/19 0:00,0,0.020212006,0,0,57
1/30/19 0:00,1/31/19 0:00,0,0.016052143,0,0,40
1/31/19 0:00,2/1/19 0:00,0,0.010437171,0,0,28
2/1/19 0:00,2/2/19 0:00,54.624,0.456725699,0,145,804
2/2/19 0:00,2/3/19 0:00,7.149,0.483296377,3,0,1272
2/3/19 0:00,2/4/19 0:00,121.129,0.90930018,2,138,1924.356043
2/4/19 0:00,2/5/19 0:00,159.65,0.879036944,2,108,1813.643957
2/5/19 0:00,2/6/19 0:00,0.09,0.011300796,0,68,34
2/6/19 0:00,2/7/19 0:00,86.493,0.507520712,0,116,1043.268275
2/7/19 0:00,2/8/19 0:00,91.638,0.509984569,0,130,1005.731725
2/8/19 0:00,2/9/19 0:00,59.759,0.716554006,0,149,1518
2/9/19 0:00,2/10/19 0:00,0,0.065532993,0,0,182
2/10/19 0:00,2/11/19 0:00,0,0.043998135,0,0,115
2/11/19 0:00,2/12/19 0:00,135.926,1.457292856,0,150,2616
2/12/19 0:00,2/13/19 0:00,0,0.070885407,0,0,189
2/13/19 0:00,2/14/19 0:00,204.435,1.702099188,2,114,3687
2/14/19 0:00,2/15/19 0:00,539.501,6.758878293,12,163,15430.25615
2/15/19 0:00,2/16/19 0:00,678.2628645,8.74969783,18,156,19519.51415
2/16/19 0:00,2/17/19 0:00,309.4631355,3.681879006,8,123,8648.485851
2/17/19 0:00,2/18/19 0:00,115.607,1.070855979,2,149,2350
2/18/19 0:00,2/19/19 0:00,0,0.007133013,0,0,22
2/19/19 0:00,2/20/19 0:00,0,0.104540514,0,0,300
2/20/19 0:00,2/21/19 0:00,0,0.034172295,0,0,95
2/21/19 0:00,2/22/19 0:00,0,0,0,0,0
2/22/19 0:00,2/23/19 0:00,0,0.099456539,2,0,296
2/23/19 0:00,2/24/19 0:00,0.06,0.009153971,0,0,23
2/24/19 0:00,2/25/19 0:00,30.526,0.273565403,2,85,627
2/25/19 0:00,2/26/19 0:00,124.919,1.262648796,4,113,2936.416067
2/26/19 0:00,2/27/19 0:00,3.545,0.087553598,0,66,204
2/27/19 0:00,2/28/19 0:00,0,0,0,0,0
2/28/19 0:00,3/1/19 0:00,0,0.003803257,0,0,10
3/1/19 0:00,3/2/19 0:00,136.929,0.968599824,5,110,2170
3/2/19 0:00,3/3/19 0:00,115.389,0.796562568,0,114,1819
3/3/19 0:00,3/4/19 0:00,130.529,0.984004242,2,120,2212.988573
3/4/19 0:00,3/5/19 0:00,322.2158279,2.839864412,0,173,5230.923443
3/5/19 0:00,3/6/19 0:00,319.6451721,2.987739952,0,194,5170.076557
3/6/19 0:00,3/7/19 0:00,285.259,2.580446424,2,172,4788
3/7/19 0:00,3/8/19 0:00,184.135,1.853835509,0,172,3509
3/8/19 0:00,3/9/19 0:00,90.461,0.697159093,0,108,1409
3/9/19 0:00,3/10/19 0:00,209.5382037,1.064553752,2,117,2301.490854
3/10/19 0:00,3/11/19 0:00,113.9396592,0.449911665,0,82,1014.949139
3/11/19 0:00,3/12/19 0:00,383.1456213,2.829713933,0,176,5056.846664
3/12/19 0:00,3/13/19 0:00,9.390515852,0.145585472,0,84,336
3/13/19 0:00,3/14/19 0:00,177.817442,0.81992688,2,209,1646
3/14/19 0:00,3/15/19 0:00,175.042558,1.855659569,0,186,3222.903551
3/15/19 0:00,3/16/19 0:00,57.477,0.51461123,0,105,981
3/16/19 0:00,3/17/19 0:00,287.956,3.348660922,2,140,7551.695529
3/17/19 0:00,3/18/19 0:00,10.001,0.128200837,5,0,374
3/18/19 0:00,3/19/19 0:00,0,0.130514059,2,0,354
3/19/19 0:00,3/20/19 0:00,309.4987772,2.57628221,14,135,5642
3/20/19 0:00,3/21/19 0:00,169.9902228,1.099512098,4,95,2417.801272
3/21/19 0:00,3/22/19 0:00,414.8873613,4.019705647,9,120,8881.980234
3/22/19 0:00,3/23/19 0:00,1.830638726,0.112415204,0,121,286.0197659
3/23/19 0:00,3/24/19 0:00,215.691,2.711564136,2,135,5969.14897
3/24/19 0:00,3/25/19 0:00,210.701,1.894918201,8,147,3770.382717
3/25/19 0:00,3/26/19 0:00,110.916,0.858182275,0,115,1723
3/26/19 0:00,3/27/19 0:00,0,0.050482197,0,0,150
3/27/19 0:00,3/28/19 0:00,76.882,0.493865189,0,124,960.9595624
3/28/19 0:00,3/29/19 0:00,180.629,0.542567784,0,96,1175
3/29/19 0:00,3/30/19 0:00,200.063,0.899034994,2,128,1876
3/30/19 0:00,3/31/19 0:00,0.115,0.021871453,0,0,62
3/31/19 0:00,4/1/19 0:00,193.626,1.050813173,0,108,2091
4/1/19 0:00,4/2/19 0:00,164.071,0.687141613,0,118,1371
4/2/19 0:00,4/3/19 0:00,130.797,0.487399496,0,94,1055
4/3/19 0:00,4/4/19 0:00,466.111,4.11232581,2,177,7905
4/4/19 0:00,4/5/19 0:00,54.42,0.180853365,0,95,395
4/5/19 0:00,4/6/19 0:00,240.009,1.029987744,2,110,2139
4/6/19 0:00,4/7/19 0:00,415.5411416,3.604731876,4,187,6597.879826
4/7/19 0:00,4/8/19 0:00,480.4278584,4.986499573,1,182,10676.18261
4/8/19 0:00,4/9/19 0:00,148.701,0.837280095,2,112,1699
4/9/19 0:00,4/10/19 0:00,308.569,2.294852765,1,179,4944
4/10/19 0:00,4/11/19 0:00,364.129,3.264616243,4,178,7018
4/11/19 0:00,4/12/19 0:00,257.769,1.526768839,2,143,3204
4/12/19 0:00,4/13/19 0:00,147.186,0.909384333,0,140,1880
4/13/19 0:00,4/14/19 0:00,0,0.019730417,0,0,55
4/14/19 0:00,4/15/19 0:00,209.177,1.093407386,0,114,2227.142954
4/15/19 0:00,4/16/19 0:00,198.672,0.992186047,0,155,2053
4/16/19 0:00,4/17/19 0:00,146.3748909,0.367849758,2,131,805
4/17/19 0:00,4/18/19 0:00,105.4081091,0.281480887,0,118,629
4/18/19 0:00,4/19/19 0:00,148.0568555,0.733931244,2,108,1632.881569
4/19/19 0:00,4/20/19 0:00,292.4211445,1.911641391,4,107,4323.041667
4/20/19 0:00,4/21/19 0:00,0,0.006590417,0,0,20
4/21/19 0:00,4/22/19 0:00,109.756,0.554689386,2,116,1221
4/22/19 0:00,4/23/19 0:00,226.827,1.460686498,6,134,3224
4/23/19 0:00,4/24/19 0:00,244.933,1.68254715,2,106,3724.772339
4/24/19 0:00,4/25/19 0:00,164.8097767,0.527916418,0,96,1140
4/25/19 0:00,4/26/19 0:00,171.3802233,1.090701369,2,127,2430.299329
4/26/19 0:00,4/27/19 0:00,0.031,0.027257698,0,85,72
4/27/19 0:00,4/28/19 0:00,130.75,0.569410979,2,99,1282
4/28/19 0:00,4/29/19 0:00,86.034,0.465222353,0,104,1030
4/29/19 0:00,4/30/19 0:00,0.014,0.022675672,0,89,71
4/30/19 0:00,5/1/19 0:00,367.234,2.539255095,2,203,5714
5/1/19 0:00,5/2/19 0:00,0.108,0.041079722,0,130,107
5/2/19 0:00,5/3/19 0:00,272.326,2.223136146,4,149,4961.431174
5/3/19 0:00,5/4/19 0:00,200.225,0.917034456,4,113,2014.366333
5/4/19 0:00,5/5/19 0:00,183.444,1.94333712,2,95,4549.808492
5/5/19 0:00,5/6/19 0:00,109.669,0.85327896,3,103,1958
5/6/19 0:00,5/7/19 0:00,171.58,0.96105818,2,119,2162
5/7/19 0:00,5/8/19 0:00,68.538,0.273824577,0,91,588
5/8/19 0:00,5/9/19 0:00,193.1859604,0.683990223,4,110,1506
5/9/19 0:00,5/10/19 0:00,5.659039647,0.089175396,2,84,215
5/10/19 0:00,5/11/19 0:00,114.888,0.59044213,2,126,1369
5/11/19 0:00,5/12/19 0:00,275.5975354,1.946917137,2,122,4296
5/12/19 0:00,5/13/19 0:00,18.4594646,0.032045311,0,90,97
5/13/19 0:00,5/14/19 0:00,122.251,0.617277315,2,117,1362
5/14/19 0:00,5/15/19 0:00,351.072,3.967415113,3,145,8747
5/15/19 0:00,5/16/19 0:00,286.3303178,2.695451383,3,122,6104.325649
5/16/19 0:00,5/17/19 0:00,509.346008,7.386309543,8,141,17003.69086
5/17/19 0:00,5/18/19 0:00,416.7106881,4.794678555,4,119,11259.78242
5/18/19 0:00,5/19/19 0:00,297.2499862,4.207045492,5,149,9914.199858
5/19/19 0:00,5/20/19 0:00,147.1571773,2.195102943,2,132,5118.559146
5/20/19 0:00,5/21/19 0:00,303.8274521,4.281350926,1,143,9994.796915
5/21/19 0:00,5/22/19 0:00,122.1433706,1.573298374,4,98,3928.328461
5/22/19 0:00,5/23/19 0:00,237.5506384,2.679982269,5,123,6211.293345
5/23/19 0:00,5/24/19 0:00,363.6309616,4.264324907,4,100,9880.619547
5/24/19 0:00,5/25/19 0:00,203.9757041,2.274533987,3,96,5354.972392
5/25/19 0:00,5/26/19 0:00,195.9986959,1.213374594,0,102,2792.332903
5/26/19 0:00,5/27/19 0:00,421.0917088,4.868880181,4,124,11219.26321
5/27/19 0:00,5/28/19 0:00,399.6083447,5.368596676,5,113,12439.12413
5/28/19 0:00,5/29/19 0:00,145.4319465,1.913513852,2,113,4424.879513
5/29/19 0:00,5/30/19 0:00,0,0.883263733,2,0,2284
5/30/19 0:00,5/31/19 0:00,0,2.66753472,6,0,6914.748532
5/31/19 0:00,6/1/19 0:00,0,2.719222292,2,0,7288.251468
6/1/19 0:00,6/2/19 0:00,0,3.206993582,5,0,8395
6/2/19 0:00,6/3/19 0:00,0,2.309506225,2,0,6001
6/3/19 0:00,6/4/19 0:00,0,1.512671361,4,0,4115
6/4/19 0:00,6/5/19 0:00,142.107,4.360521095,6,107,11339
6/5/19 0:00,6/6/19 0:00,299.5363153,3.548011889,4,158,8202.248392
6/6/19 0:00,6/7/19 0:00,340.5712317,3.123020009,0,128,7422.597196
6/7/19 0:00,6/8/19 0:00,304.9196689,2.772685915,1,119,6521.576602
6/8/19 0:00,6/9/19 0:00,456.2041346,5.327234511,1,158,12473.77698
6/9/19 0:00,6/10/19 0:00,629.9596598,6.272210502,41,129,14439.7359
6/10/19 0:00,6/11/19 0:00,253.9892745,2.134560776,6,117,5051.272976
6/11/19 0:00,6/12/19 0:00,297.0625301,3.066745308,6,115,7185.434935
6/12/19 0:00,6/13/19 0:00,231.8076443,2.167674376,1,177,5031.565065
6/13/19 0:00,6/14/19 0:00,305.1815857,2.917722965,3,117,6776.133598
6/14/19 0:00,6/15/19 0:00,236.4069551,1.713932759,1,100,3908.178454
6/15/19 0:00,6/16/19 0:00,189.077,2.737448315,2,126,6289
6/16/19 0:00,6/17/19 0:00,395.4317274,4.182378148,2,118,9556
6/17/19 0:00,6/18/19 0:00,79.80527257,1.270459864,0,146,2990.076122
6/18/19 0:00,6/19/19 0:00,46.75096125,2.46960019,1,98,7636.168091
6/19/19 0:00,6/20/19 0:00,367.7629621,4.581638298,3,161,10351.54548
6/20/19 0:00,6/21/19 0:00,371.5912431,3.77203009,0,160,8444.40681
6/21/19 0:00,6/22/19 0:00,499.4829709,7.492913003,1,144,17638.83463
6/22/19 0:00,6/23/19 0:00,469.1609748,5.16296588,0,127,11893.76012
6/23/19 0:00,6/24/19 0:00,481.7467615,5.238553943,4,111,11773
6/24/19 0:00,6/25/19 0:00,364.4351263,2.039768261,5,104,4851
6/25/19 0:00,6/26/19 0:00,166.8584696,0.969867746,1,105,2306
6/26/19 0:00,6/27/19 0:00,336.8668766,2.739442306,0,122,6164.385127
6/27/19 0:00,6/28/19 0:00,335.2626538,2.431156764,0,134,5558.614873
6/28/19 0:00,6/29/19 0:00,374.725,3.205615199,5,151,7441.543436
6/29/19 0:00,6/30/19 0:00,622.304,6.405630653,7,113,15312.40079
6/30/19 0:00,7/1/19 0:00,404.613,5.312083448,1,105,12562
7/1/19 0:00,7/2/19 0:00,369.438,4.421807494,2,126,10293.50577
7/2/19 0:00,7/3/19 0:00,387.026,4.030125754,4,121,9316.493097
7/3/19 0:00,7/4/19 0:00,432.858,3.859001055,2,107,8927.931777
7/4/19 0:00,7/5/19 0:00,501.6895993,4.579639909,4,104,10515.11554
7/5/19 0:00,7/6/19 0:00,112.1699333,1.330053679,5,140,3014.996278
7/6/19 0:00,7/7/19 0:00,274.8994674,2.468814651,1,102,5509
7/7/19 0:00,7/8/19 0:00,167.9,1.953889499,0,102,4435
7/8/19 0:00,7/9/19 0:00,108.0739144,1.590287049,2,164,3579.256954
7/9/19 0:00,7/10/19 0:00,403.5063084,4.639505519,4,152,9517.816949
7/10/19 0:00,7/11/19 0:00,316.3766603,3.625546374,1,135,7462.112009
7/11/19 0:00,7/12/19 0:00,273.4361185,3.035256349,1,119,6196.735639
7/12/19 0:00,7/13/19 0:00,288.6294331,4.217325992,2,127,9050.903897
7/13/19 0:00,7/14/19 0:00,848.7983613,11.58857126,6,118,24674.42101
7/14/19 0:00,7/15/19 0:00,419.6785749,3.464709989,8,149,7106.726755
7/15/19 0:00,7/16/19 0:00,201.5496307,3.189796263,8,119,6614.948335
7/16/19 0:00,7/17/19 0:00,160.371,0.712261479,0,109,1430.135678
7/17/19 0:00,7/18/19 0:00,261.047,2.354849688,2,139,4792.289141
7/18/19 0:00,7/19/19 0:00,186.562,1.20265322,2,117,2443.050772
7/19/19 0:00,7/20/19 0:00,296.7210663,2.479300953,2,143,5234
7/20/19 0:00,7/21/19 0:00,429.8099337,5.37770698,5,155,11214.67551
7/21/19 0:00,7/22/19 0:00,125.8726954,1.685338888,0,140,3496.138411
7/22/19 0:00,7/23/19 0:00,523.6568894,5.772605277,12,125,12154.28586
7/23/19 0:00,7/24/19 0:00,383.4454152,4.54722263,6,106,9797.814206
7/24/19 0:00,7/25/19 0:00,460.3880746,5.894336449,14,127,12536
7/25/19 0:00,7/26/19 0:00,319.6456486,3.63560234,0,123,7434
7/26/19 0:00,7/27/19 0:00,303.3835614,3.446279115,6,119,7394.608644
7/27/19 0:00,7/28/19 0:00,552.1492441,6.383975516,7,119,13297.54432
7/28/19 0:00,7/29/19 0:00,252.8706411,3.142161585,6,149,6696.056455
7/29/19 0:00,7/30/19 0:00,444.4561755,4.546510928,7,115,9660.640946
7/30/19 0:00,7/31/19 0:00,450.7096768,4.225239233,6,130,8755.395001
7/31/19 0:00,8/1/19 0:00,519.5731511,5.924346617,11,146,12430.52431
8/1/19 0:00,8/2/19 0:00,395.9094456,3.264628318,5,139,6702
8/2/19 0:00,8/3/19 0:00,473.2473811,4.452382608,5,124,9271.702119
8/3/19 0:00,8/4/19 0:00,300.3405336,3.184365402,11,116,6819.043941
8/4/19 0:00,8/5/19 0:00,474.1146547,5.12352485,7,149,10455
8/5/19 0:00,8/6/19 0:00,352.9555964,2.63545599,8,130,5381.329498
8/6/19 0:00,8/7/19 0:00,367.8900398,2.93191423,6,128,5969.217508
8/7/19 0:00,8/8/19 0:00,389.6651755,3.182752704,7,127,6564.040743
8/8/19 0:00,8/9/19 0:00,341.554,2.660455351,6,127,5629.520073
8/9/19 0:00,8/10/19 0:00,196.437,4.925993023,11,111,11142.24437
8/10/19 0:00,8/11/19 0:00,386.2246693,4.600050653,9,126,9613.360946
8/11/19 0:00,8/12/19 0:00,58.94233072,0.423021344,0,115,848.9808139
8/12/19 0:00,8/13/19 0:00,432.2811437,3.791007273,6,141,7773.631553
8/13/19 0:00,8/14/19 0:00,400.9047169,4.247161792,4,144,8690.746019
8/14/19 0:00,8/15/19 0:00,388.3863028,3.377931501,4,122,6967
8/15/19 0:00,8/16/19 0:00,393.6564829,4.212454979,9,126,8995.676448
8/16/19 0:00,8/17/19 0:00,386.2059742,4.28685979,12,135,9276.236579
8/17/19 0:00,8/18/19 0:00,367.2174123,3.652694298,9,115,7547
8/18/19 0:00,8/19/19 0:00,341.9501249,3.177793889,7,162,6675.283969
8/19/19 0:00,8/20/19 0:00,371.8831974,4.233434053,9,167,8916.397818
8/20/19 0:00,8/21/19 0:00,391.149457,4.762073443,7,118,9995.355859
8/21/19 0:00,8/22/19 0:00,274.3029508,2.89147782,6,151,5829.872213
8/22/19 0:00,8/23/19 0:00,415.1813698,5.219845998,9,127,11468.41437
8/23/19 0:00,8/24/19 0:00,310.0097876,3.638963914,5,122,7392.811628
8/24/19 0:00,8/25/19 0:00,431.9650797,5.894421451,11,115,12550.65452
8/25/19 0:00,8/26/19 0:00,407.0864179,4.896206848,5,122,10290.71639
8/26/19 0:00,8/27/19 0:00,277.1875821,3.08378771,6,132,6453.936463
8/27/19 0:00,8/28/19 0:00,387.437,3.800320803,7,154,7829
8/28/19 0:00,8/29/19 0:00,398.3,3.959028607,11,115,8215
8/29/19 0:00,8/30/19 0:00,435.7728313,4.546044454,9,114,9818.51129
8/30/19 0:00,8/31/19 0:00,438.4311687,5.078223039,11,167,10671.90398
8/31/19 0:00,9/1/19 0:00,307.548,3.576348075,4,132,7581.803671
9/1/19 0:00,9/2/19 0:00,641.400674,7.384083711,14,126,15195.56966
9/2/19 0:00,9/3/19 0:00,477.6363649,5.51605342,9,135,11264.68697
9/3/19 0:00,9/4/19 0:00,456.6299405,5.039556062,6,141,10715.10949
9/4/19 0:00,9/5/19 0:00,341.3374743,3.440031323,4,133,7309.100013
9/5/19 0:00,9/6/19 0:00,424.8019968,3.691570029,8,159,7606.172652
9/6/19 0:00,9/7/19 0:00,681.2665496,8.425268624,16,184,16644.7702
9/7/19 0:00,9/8/19 0:00,465.4103018,4.810421001,14,176,9969.803912
9/8/19 0:00,9/9/19 0:00,4.734698192,0.044179492,0,78,105
9/9/19 0:00,9/10/19 0:00,412.8442737,3.579566473,6,139,7420.339267
9/10/19 0:00,9/11/19 0:00,414.253749,4.2592361,6,143,8822.325731
9/11/19 0:00,9/12/19 0:00,583.1529773,6.228332942,9,140,12867.34822
9/12/19 0:00,9/13/19 0:00,349.6898158,2.908458517,7,128,5985.54014
9/13/19 0:00,9/14/19 0:00,751.0500898,9.127793191,7,177,17831.93057
9/14/19 0:00,9/15/19 0:00,478.7360561,5.702014717,17,138,12102.06161
9/15/19 0:00,9/16/19 0:00,222.5840383,1.332322368,0,120,2736.285918
9/16/19 0:00,9/17/19 0:00,355.423,2.983846692,6,151,6056
9/17/19 0:00,9/18/19 0:00,402.252,3.848357575,10,133,7938
9/18/19 0:00,9/19/19 0:00,348.8638349,3.517917727,8,127,7276.596853
9/19/19 0:00,9/20/19 0:00,439.1359707,3.862656196,12,154,7881.958241
9/20/19 0:00,9/21/19 0:00,586.4099515,7.142829805,8,154,14031.28555
9/21/19 0:00,9/22/19 0:00,353.8722429,4.023541847,10,114,8265.353099
9/22/19 0:00,9/23/19 0:00,122.608938,0.541815344,0,94,1072
9/23/19 0:00,9/24/19 0:00,258.036062,2.06104559,5,133,4295
9/24/19 0:00,9/25/19 0:00,296.558,2.931953145,5,151,6115
9/25/19 0:00,9/26/19 0:00,317.695838,2.86934933,4,117,5866.90218
9/26/19 0:00,9/27/19 0:00,391.3181585,3.666825286,12,129,7590.178209
9/27/19 0:00,9/28/19 0:00,486.7954183,5.894915328,6,157,12380.59379
9/28/19 0:00,9/29/19 0:00,542.1848713,6.434814486,4,148,13502.99493
9/29/19 0:00,9/30/19 0:00,203.0627139,1.908565635,8,137,4079.005074
9/30/19 0:00,10/1/19 0:00,171.041,0.590674902,0,142,1204.475768
10/1/19 0:00,10/2/19 0:00,428.7065021,4.216328824,12,130,8801.667874
10/2/19 0:00,10/3/19 0:00,222.3264979,1.608192362,5,128,3303
10/3/19 0:00,10/4/19 0:00,381.3206592,3.513594963,9,172,7329.992083
10/4/19 0:00,10/5/19 0:00,503.5883371,6.216639964,7,134,12734.42519
10/5/19 0:00,10/6/19 0:00,192.4428515,4.601865603,5,101,11432.58273
10/6/19 0:00,10/7/19 0:00,190.7923963,0.573464737,0,102,1166
10/7/19 0:00,10/8/19 0:00,282.0707558,2.34806106,3,142,4749
10/8/19 0:00,10/9/19 0:00,533.734,3.888143807,4,167,8100.866513
10/9/19 0:00,10/10/19 0:00,306.8541118,2.373773493,5,125,4805.219054
10/10/19 0:00,10/11/19 0:00,505.1008301,5.107953386,18,121,10576.2011
10/11/19 0:00,10/12/19 0:00,627.3606421,8.329460417,16,162,17638.01746
10/12/19 0:00,10/13/19 0:00,535.0092005,7.500292565,10,136,15604.45906
10/13/19 0:00,10/14/19 0:00,243.9692155,1.727659741,1,127,3482.729823
10/14/19 0:00,10/15/19 0:00,281.6301029,2.3392761,4,150,4757.328875
10/15/19 0:00,10/16/19 0:00,376.6785471,3.183609946,5,170,6549.326932
10/16/19 0:00,10/17/19 0:00,299.586825,2.091553877,7,107,4361.803436
10/17/19 0:00,10/18/19 0:00,377.0590401,3.381523877,7,103,6944
10/18/19 0:00,10/19/19 0:00,467.1608271,4.781889039,13,139,9931.485159
10/19/19 0:00,10/20/19 0:00,22.72965776,0.18964366,0,84,384.7101058
10/20/19 0:00,10/21/19 0:00,241.526,1.663992461,5,115,3517.694764
10/21/19 0:00,10/22/19 0:00,364.0824057,3.176990312,3,131,6408
10/22/19 0:00,10/23/19 0:00,376.8898413,3.264313385,7,171,6945.222415
10/23/19 0:00,10/24/19 0:00,407.938828,4.182070391,12,117,8549.47684
10/24/19 0:00,10/25/19 0:00,346.1377615,3.177904119,9,105,6564.049428
10/25/19 0:00,10/26/19 0:00,230.4589085,1.625413119,7,157,3354.528435
10/26/19 0:00,10/27/19 0:00,145.2532549,0.993030942,0,167,2006
10/27/19 0:00,10/28/19 0:00,0.536,0.898592922,5,0,2128
10/28/19 0:00,10/29/19 0:00,295.7325571,2.485625213,5,124,5299.99858
10/29/19 0:00,10/30/19 0:00,355.7381714,3.475722841,5,112,7145.145795
10/30/19 0:00,10/31/19 0:00,359.1248804,3.174803778,10,112,6740.44346
10/31/19 0:00,11/1/19 0:00,470.4073911,5.226818498,12,106,10887
11/1/19 0:00,11/2/19 0:00,466.6301562,5.896925921,7,114,12306
11/2/19 0:00,11/3/19 0:00,172.1686863,1.050414184,0,150,2114
11/3/19 0:00,11/4/19 0:00,193.2181575,0.925038603,0,109,1871.267172
11/4/19 0:00,11/5/19 0:00,292.4100893,2.08592206,5,122,4275
11/5/19 0:00,11/6/19 0:00,367.1779107,4.10113952,9,121,8622
11/6/19 0:00,11/7/19 0:00,243.7751259,2.126634027,6,135,4532.014876
11/7/19 0:00,11/8/19 0:00,329.2778016,2.822729714,7,161,5870
11/8/19 0:00,11/9/19 0:00,202.0568422,2.092558251,8,126,4341.184805
11/9/19 0:00,11/10/19 0:00,355.9208613,3.298611419,12,112,6729.554729
11/10/19 0:00,11/11/19 0:00,417.995369,4.624373346,10,139,9806.445271
11/11/19 0:00,11/12/19 0:00,244.3825403,2.076562925,5,149,4099
11/12/19 0:00,11/13/19 0:00,310.728447,2.381702329,7,131,4952.283353
11/13/19 0:00,11/14/19 0:00,356.3340127,3.027818431,7,149,6311
11/14/19 0:00,11/15/19 0:00,339.1039935,3.110182825,6,128,6403.936401
11/15/19 0:00,11/16/19 0:00,445.7850065,5.016544293,11,168,10425.78483
11/16/19 0:00,11/17/19 0:00,62.001,0.435816605,0,145,879.1340099
11/17/19 0:00,11/18/19 0:00,546.1711381,6.381324396,9,133,12904.31331
11/18/19 0:00,11/19/19 0:00,370.7863724,3.327391785,9,151,6951.98122
11/19/19 0:00,11/20/19 0:00,666.4514895,8.471801244,13,130,17689.60342
11/20/19 0:00,11/21/19 0:00,307.554151,2.914582015,6,166,6064.712348
11/21/19 0:00,11/22/19 0:00,368.425794,3.855962919,7,134,8075.205725
11/22/19 0:00,11/23/19 0:00,432.706055,4.898269894,8,156,10120.89225
11/23/19 0:00,11/24/19 0:00,14.723,0.191314744,0,101,400
11/24/19 0:00,11/25/19 0:00,127.681364,0.535327441,0,137,1087.339803
11/25/19 0:00,11/26/19 0:00,99.68963596,0.393132197,0,176,809.2349496
11/26/19 0:00,11/27/19 0:00,385.933,3.30047289,13,112,6689.857164
11/27/19 0:00,11/28/19 0:00,442.477,5.293393047,12,123,10910.38873
11/28/19 0:00,11/29/19 0:00,466.481,5.234312018,10,111,11347.32335
11/29/19 0:00,11/30/19 0:00,0,0.03227402,0,147,80
11/30/19 0:00,12/1/19 0:00,0,0.566578681,1,0,1394
12/1/19 0:00,12/2/19 0:00,1.403,1.275044421,6,180,3324